"quite","voice","taken","bent","yellow","distance"
"when","himself","smell","series","industrial","written"
"wonderful","heart","had","tightly","account","ask"
"circle","been","tried","exchange","became","species"
"behind","lower","put","large","please","both"
"aside","main","key","second","so","mental"
"diagram","method","trade","discussion","wagon","word"
"chamber","dollar","must","faster","softly","news"
"him","run","earlier","tropical","fill","political"
"below","hunt","mind","four","gently","worker"
"gate","just","numeral","given","went","gate"
"him","number","stepped","dawn","meet","west"
"son","continent","previous","letter","structure","you"
"later","together","therefore","worried","become","noise"
"shelf","animal","worry","pay","life","mind"
"would","thumb","move","edge","mixture","dance"
"your","dear","cost","about","creature","classroom"
"political","locate","beginning","maybe","bad","later"
"trunk","fire","none","middle","adventure","thousand"
"travel","tall","point","breakfast","proper","press"
"follow","uncle","its","development","call","state"
"usual","bridge","globe","hospital","reason","guard"
"thought","society","flight","bear","blue","few"
"accept","themselves","later","sing","necessary","realize"
"thank","women","gravity","across","comfortable","pound"
"children","blow","club","road","chance","support"
"combination","office","southern","escape","sitting","pencil"
"wish","welcome","contain","four","exciting","courage"
"customs","steel","title","fly","married","plates"
"neighbor","disease","steady","cover","gulf","victory"
"spider","husband","valuable","bigger","gain","dig"
"ago","angry","strange","source","may","heat"
"wash","fox","how","pull","is","girl"
"ability","even","slave","free","clay","toy"
"roof","spider","managed","instrument","exercise","citizen"
"sheet","barn","bit","nature","lift","earlier"
"compound","clearly","alone","push","society","cause"
"frequently","wrapped","surprise","unusual","desk","finish"
"journey","date","rapidly","future","made","flew"
"press","who","law","eager","behavior","forth"
"fox","minerals","war","location","control","jet"
"swung","thick","garage","pupil","stopped","best"
"reader","guard","roar","stage","shine","castle"
"nation","fine","honor","belt","phrase","bent"
"tears","coat","finally","empty","physical","strike"
"labor","seems","thread","automobile","noise","table"
"rabbit","again","stretch","quarter","list","that"
"nearly","most","longer","discover","activity","support"
"pocket","shown","current","driving","public","motion"
"name","fierce","relationship","walk","properly","travel"
"kill","paragraph","combination","pony","pipe","slip"
"then","given","underline","drew","individual","lift"
"north","down","length","image","settle","breathe"
"camera","stranger","next","verb","bus","mathematics"
"go","perfect","influence","library","gradually","bean"
"later","cold","whispered","perfect","saved","charge"
"war","soon","find","mine","wherever","hidden"
"shade","exist","sky","sit","captain","sent"
"to","flight","bar","gas","difficult","automobile"
"youth","bat","mice","composition","picture","cast"
"believed","troops","finally","earth","thou","entire"
"teach","power","suddenly","butter","ride","birthday"
"rose","gun","labor","hair","percent","married"
"tobacco","dangerous","game","wheat","needs","ruler"
"police","ten","nature","small","someone","wise"
"pipe","try","motion","broken","opposite","influence"
"verb","judge","about","write","stuck","struck"
"tree","cave","constantly","discussion","war","pet"
"cut","black","kitchen","football","slowly","spider"
"according","greatest","look","giving","large","stood"
"plates","similar","shine","part","easier","butter"
"tears","dawn","flag","golden","like","bank"
"learn","motion","flew","brief","rapidly","safety"
"help","purple","species","setting","bend","home"
"differ","paragraph","number","gently","hour","drove"
"sight","forget","rod","hair","flow","ring"
"comfortable","string","buy","piece","magnet","dust"
"daughter","ranch","national","science","mud","body"
"dull","occur","facing","blow","immediately","you"
"comfortable","film","smallest","whenever","shirt","drew"
"printed","film","trouble","lose","chair","noted"
"earlier","sit","differ","thus","family","stove"
"coat","entirely","capital","curve","sharp","garden"
"laid","tonight","ten","paid","fighting","somebody"
"had","subject","leather","nobody","needs","thrown"
"toy","nice","symbol","darkness","current","baby"
"fix","since","suddenly","wonder","difference","wheel"
"lead","pony","verb","alive","rear","review"
"unhappy","circus","recognize","smallest","actually","common"
"hat","thick","return","likely","chair","finally"
"hair","suit","fireplace","plenty","taught","whenever"
"leaf","happy","obtain","correctly","table","play"
"burn","park","rice","wish","taken","lack"
"pupil","chief","allow","just","nice","house"
"buffalo","religious","whatever","parallel","hour","eager"
"include","log","dollar","composition","meant","knife"
"fort","slabs","mood","stream","rapidly","wheat"
"face","whom","forgot","finest","answer","shout"
"cage","vertical","track","prize","map","breathe"
"important","frog","help","heat","air","story"
"began","improve","took","breeze","gun","airplane"
"keep","brush","children","pony","stream","grass"
"he","nearest","return","president","ocean","travel"
"moving","triangle","down","bush","he","cost"
"finish","cry","onto","influence","outline","certain"
"meet","not","related","factory","note","seems"
"rhyme","mountain","bigger","partly","whale","common"
"teach","silver","arrangement","state","frequently","partly"
"friendly","fish","box","gain","account","character"
"disease","snow","alike","food","machinery","taste"
"easier","percent","pressure","building","declared","seldom"
"too","silk","wool","industry","instead","program"
"branch","new","jet","anyone","package","goose"
"pull","ability","five","pair","invented","tube"
"student","told","least","what","pocket","roar"
"month","toy","clay","height","sign","red"
"wet","old","twice","catch","upper","young"
"tank","stick","accident","breakfast","exchange","dry"
"tightly","blow","cloth","example","give","courage"
"back","plural","nice","younger","speech","three"
"help","operation","private","promised","seems","title"
"seen","largest","quiet","molecular","death","foreign"
"safety","scientist","stronger","low","best","sun"
"hang","citizen","wish","tightly","protection","determine"
"limited","happily","muscle","had","somehow","bent"
"refused","today","week","suggest","upon","monkey"
"immediately","wife","well","solar","weather","recent"
"habit","apart","organization","habit","zero","cause"
"wife","hay","stronger","newspaper","stock","pole"
"carefully","somebody","audience","constantly","outer","handsome"
"quick","supply","count","wish","origin","paint"
"thou","pale","waste","sheep","straw","generally"
"origin","grandmother","neighborhood","land","box","climate"
"frequently","series","sleep","chart","disappear","official"
"consonant","ruler","world","somehow","crowd","wool"
"mother","sell","harbor","jump","six","article"
"trap","attack","blue","rising","them","they"
"troops","edge","low","choice","drove","band"
"behind","stay","noise","tube","fought","environment"
"law","foreign","had","headed","circle","ahead"
"ago","widely","hurried","plural","cut","love"
"kept","cookies","oxygen","dried","kept","tower"
"real","threw","average","poem","stems","breathe"
"rate","warm","instrument","realize","private","negative"
"title","but","youth","appearance","fat","fact"
"ran","game","loud","whistle","canal","cookies"
"built","around","both","sentence","getting","thank"
"is","mighty","torn","eight","jet","cheese"
"danger","jar","grandfather","dream","compound","image"
"visitor","dawn","indeed","event","possibly","city"
"floating","sweet","care","difficult","shop","president"
"gray","inch","peace","is","generally","bend"
"studying","anybody","process","nearby","scene","divide"
"determine","level","score","sugar","safety","extra"
"mind","fifty","level","except","garage","health"
"them","leaving","greatly","port","flat","happen"
"log","accident","visit","plenty","party","even"
"begun","plain","hit","every","dig","detail"
"mixture","them","late","usual","split","report"
"speech","chapter","already","discover","did","lay"
"individual","indeed","facing","field","ring","ocean"
"weak","sea","recall","combine","connected","thou"
"greatest","monkey","last","some","stairs","knife"
"flew","alive","fourth","refer","fine","eaten"
"society","done","warm","troops","written","sun"
"continued","gate","rough","examine","sets","wing"
"this","night","during","wave","frog","station"
"present","walk","essential","bottle","rich","peace"
"cat","there","animal","bad","asleep","home"
"remain","pig","mind","activity","thread","come"
"camera","telephone","division","thin","bent","largest"
"zoo","completely","forgotten","made","man","law"
"dirty","store","land","empty","master","term"
"orbit","adult","tent","toy","busy","far"
"pan","term","place","bee","consist","slipped"
"short","graph","bad","differ","roar","original"
"distance","alive","behavior","path","satisfied","select"
"soon","shake","ahead","dirty","grandmother","around"
"coat","begun","jungle","supper","boy","cabin"
"pile","identity","wheat","cover","curious","mark"
"women","mostly","announced","nearby","symbol","men"
"bee","manner","ahead","equally","room","everybody"
"until","pencil","check","come","engine","worried"
"call","alone","see","center","house","goes"
"noon","buried","studied","purple","universe","make"
"street","bicycle","brain","pile","include","heat"
"hardly","men","accept","activity","grandmother","cry"
"speed","carefully","themselves","breakfast","fell","tales"
"solid","importance","include","balloon","six","battle"
"desk","detail","instance","edge","street","dream"
"lot","repeat","given","box","river","chose"
"yellow","cook","differ","blow","found","wind"
"engineer","actual","movement","brass","wire","result"
"situation","nuts","double","thought","chain","enjoy"
"circus","spoken","rapidly","failed","be","warn"
"pilot","seat","mud","blank","plural","affect"
"moving","shadow","force","elephant","gun","invented"
"silence","room","child","handle","group","chart"
"selection","potatoes","song","never","help","experience"
"flow","triangle","flow","feature","post","perhaps"
"gasoline","end","wild","development","satisfied","follow"